{
    "accuracy": 0.6951219512195121,
    "precision": 0.671875,
    "recall": 0.3524590163934426,
    "f1_score": 0.46236559139784944
}
