{
    "accuracy": 0.6836215666327569,
    "precision": 0.643979057591623,
    "recall": 0.3360655737704918,
    "f1_score": 0.44165170556552963
}
