{
    "accuracy": 0.6895499618611747,
    "precision": 0.6546762589928058,
    "recall": 0.3691683569979716,
    "f1_score": 0.4721141374837873
}
