{
    "accuracy": 0.6666666666666666,
    "precision": 0.6060606060606061,
    "recall": 0.32454361054766734,
    "f1_score": 0.4227212681638045
}
