{
    "accuracy": 0.6727716727716728,
    "precision": 0.6326530612244898,
    "recall": 0.34609250398724084,
    "f1_score": 0.44742268041237115
}
