{
    "accuracy": 0.6927772126144456,
    "precision": 0.6632653061224489,
    "recall": 0.3551912568306011,
    "f1_score": 0.4626334519572954
}
